{"v":"5.6.6","ip":0,"op":80,"fr":60,"w":512,"h":512,"layers":[{"ind":3469,"nm":"surface36257","ao":0,"ip":0,"op":80,"st":0,"ty":4,"ks":{"o":{"a":0,"k":100,"ix":11},"r":{"a":1,"k":[{"i":{"x":[0.83],"y":[1]},"o":{"x":[0.17],"y":[0]},"t":0,"s":[0]},{"i":{"x":[0.53],"y":[1]},"o":{"x":[0.6],"y":[0]},"t":11,"s":[-10]},{"i":{"x":[0.83],"y":[1]},"o":{"x":[0.17],"y":[0]},"t":65,"s":[365]},{"i":{"x":[0.83],"y":[1]},"o":{"x":[0.17],"y":[0]},"t":77,"s":[358]},{"t":85,"s":[360]}],"ix":10},"p":{"a":0,"k":[256,256],"ix":2},"a":{"a":0,"k":[192,192],"ix":1},"s":{"a":0,"k":[133.34,133.34],"ix":6}},"shapes":[{"ty":"gr","hd":false,"nm":"surface36257","it":[{"ty":"gr","hd":false,"it":[{"ty":"gr","hd":false,"it":[{"ty":"sh","ks":{"k":{"i":[[0,0],[-17.62,-17.62],[-22.86,-9.67],[-25.92,0],[-2.65,0.11],[21.23,8.98],[17.63,17.64],[9.68,22.85],[0,25.92],[-10.01,23.67],[-17.63,17.62],[-22.86,9.67],[-23.09,0.94],[2.68,0],[23.67,-10.02],[17.63,-17.63],[9.67,-22.86],[0,-25.92],[-10.01,-23.67]],"o":[[9.67,22.85],[17.63,17.64],[23.67,10.01],[2.68,0],[-23.09,-0.94],[-22.86,-9.67],[-17.63,-17.62],[-10.02,-23.67],[0,-25.91],[9.68,-22.86],[17.63,-17.63],[21.23,-8.98],[-2.65,-0.11],[-25.91,0],[-22.86,9.67],[-17.62,17.62],[-10.02,23.67],[0,25.92],[0,0]],"v":[[15.09,266.73],[56.23,327.75],[117.26,368.9],[192,383.99],[199.99,383.83],[133.25,368.9],[72.23,327.75],[31.09,266.73],[16,192],[31.09,117.26],[72.23,56.24],[133.26,15.09],[200,0.16],[192,0],[117.27,15.09],[56.23,56.24],[15.1,117.26],[0,192],[15.09,266.73]],"c":true}}},{"ty":"fl","o":{"k":10},"c":{"k":[0,0,0,1]}},{"ty":"tr","o":{"k":100},"r":{"k":0},"p":{"k":[0,0]},"a":{"k":[0,0]},"s":{"k":[100,100]},"sk":{"k":0},"sa":{"k":0},"hd":false}]},{"ty":"tr","o":{"k":100},"r":{"k":0},"p":{"k":[0,0]},"a":{"k":[0,0]},"s":{"k":[100,100]},"sk":{"k":0},"sa":{"k":0},"hd":false}]},{"ty":"gr","hd":false,"it":[{"ty":"gr","hd":false,"it":[{"ty":"sh","ks":{"k":{"i":[[0,0],[17.62,17.63],[22.85,9.67],[25.92,0],[2.65,-0.11],[-21.23,-8.98],[-17.62,-17.62],[-9.67,-22.86],[0,-25.91],[10.02,-23.67],[17.62,-17.62],[22.87,-9.67],[23.09,-0.94],[-2.68,0],[-23.67,10.01],[-17.64,17.64],[-9.67,22.85],[0,25.92],[10.01,23.67]],"o":[[-9.67,-22.86],[-17.64,-17.62],[-23.67,-10.01],[-2.68,0],[23.09,0.94],[22.88,9.67],[17.62,17.63],[10.02,23.67],[0,25.92],[-9.67,22.85],[-17.62,17.64],[-21.23,8.98],[2.65,0.11],[25.92,0],[22.85,-9.67],[17.62,-17.62],[10.01,-23.67],[0,-25.92],[0,0]],"v":[[368.89,117.26],[327.76,56.23],[266.73,15.1],[191.99,0],[184,0.17],[250.73,15.1],[311.75,56.23],[352.9,117.26],[367.98,192],[352.9,266.73],[311.75,327.75],[250.73,368.9],[184,383.83],[191.99,383.99],[266.73,368.9],[327.76,327.75],[368.89,266.73],[383.99,192],[368.89,117.26]],"c":true}}},{"ty":"fl","o":{"k":20},"c":{"k":[1,1,1,1]}},{"ty":"tr","o":{"k":100},"r":{"k":0},"p":{"k":[0,0]},"a":{"k":[0,0]},"s":{"k":[100,100]},"sk":{"k":0},"sa":{"k":0},"hd":false}]},{"ty":"tr","o":{"k":100},"r":{"k":0},"p":{"k":[0,0]},"a":{"k":[0,0]},"s":{"k":[100,100]},"sk":{"k":0},"sa":{"k":0},"hd":false}]},{"ty":"gr","hd":false,"it":[{"ty":"sh","ks":{"k":{"i":[[0,0],[0,-39.7],[-39.7,0],[0,39.7],[39.7,0]],"o":[[-39.7,0],[0,39.7],[39.7,0],[0,-39.7],[0,0]],"v":[[191.99,128],[120,199.99],[191.99,271.98],[263.99,199.99],[191.99,128]],"c":true}}},{"ty":"sh","ks":{"k":{"i":[[0,0],[0,17.64],[-17.64,0],[0,-17.64],[17.65,0]],"o":[[-17.64,0],[0,-17.64],[17.65,0],[0,17.64],[0,0]],"v":[[191.99,232],[160,199.99],[191.99,168],[223.98,199.99],[191.99,232]],"c":true}}},{"ty":"fl","o":{"k":100},"c":{"k":[0.26,0.29,0.33,1]}},{"ty":"tr","o":{"k":100},"r":{"k":0},"p":{"k":[0,0]},"a":{"k":[0,0]},"s":{"k":[100,100]},"sk":{"k":0},"sa":{"k":0},"hd":false}]},{"ty":"gr","hd":false,"it":[{"ty":"sh","ks":{"k":{"i":[[0,0],[22.09,0],[0,22.09],[-22.09,0],[0,-22.09]],"o":[[0,22.09],[-22.09,0],[0,-22.09],[22.09,0],[0,0]],"v":[[232,199.99],[191.99,239.99],[151.99,199.99],[191.99,160],[232,199.99]],"c":true}}},{"ty":"fl","o":{"k":100},"c":{"k":[0.9,0.91,0.93,1]}},{"ty":"tr","o":{"k":100},"r":{"k":0},"p":{"k":[0,0]},"a":{"k":[0,0]},"s":{"k":[100,100]},"sk":{"k":0},"sa":{"k":0},"hd":false}]},{"ty":"gr","hd":false,"it":[{"ty":"gr","hd":false,"it":[{"ty":"sh","ks":{"k":{"i":[[0,0],[0,6.35],[0.76,7],[17.26,-1.9],[64.92,0],[32.76,3.61],[9.54,1.47],[0,-7.14],[-0.61,-6.26],[-91.31,0],[-31.15,4.69]],"o":[[0.61,-6.26],[0,-7.14],[-9.54,1.47],[-32.77,3.61],[-64.91,0],[-17.27,-1.9],[-0.77,7],[0,6.35],[31.15,4.69],[91.31,0],[0,0]],"v":[[383.07,210.91],[383.99,192],[382.84,170.78],[342.34,176.07],[191.99,184],[41.65,176.07],[1.15,170.78],[0,192],[0.91,210.91],[191.99,223.99],[383.07,210.91]],"c":true}}},{"ty":"fl","o":{"k":100},"c":{"k":[0.26,0.29,0.33,1]}},{"ty":"tr","o":{"k":100},"r":{"k":0},"p":{"k":[0,0]},"a":{"k":[0,0]},"s":{"k":[100,100]},"sk":{"k":0},"sa":{"k":0},"hd":false}]},{"ty":"tr","o":{"k":100},"r":{"k":0},"p":{"k":[0,0]},"a":{"k":[0,0]},"s":{"k":[100,100]},"sk":{"k":0},"sa":{"k":0},"hd":false}]},{"ty":"gr","hd":false,"it":[{"ty":"gr","hd":false,"it":[{"ty":"sh","ks":{"k":{"i":[[0,0],[-9.32,-22.03],[-17.62,-17.62],[-22.86,-9.67],[-25.92,0],[-23.67,10.01],[-17.64,17.64],[-9.67,22.85],[-0.66,24.01]],"o":[[0.66,24.01],[9.67,22.85],[17.63,17.64],[23.67,10.01],[25.92,0],[22.85,-9.67],[17.62,-17.62],[9.33,-22.03],[0,0]],"v":[[0.08,197.39],[15.09,266.73],[56.23,327.75],[117.26,368.9],[192,383.99],[266.73,368.9],[327.77,327.75],[368.9,266.73],[383.92,197.39]],"c":true}}},{"ty":"fl","o":{"k":100},"c":{"k":[0.9,0.91,0.93,1]}},{"ty":"tr","o":{"k":100},"r":{"k":0},"p":{"k":[0,0]},"a":{"k":[0,0]},"s":{"k":[100,100]},"sk":{"k":0},"sa":{"k":0},"hd":false}]},{"ty":"tr","o":{"k":100},"r":{"k":0},"p":{"k":[0,0]},"a":{"k":[0,0]},"s":{"k":[100,100]},"sk":{"k":0},"sa":{"k":0},"hd":false}]},{"ty":"gr","hd":false,"it":[{"ty":"gr","hd":false,"it":[{"ty":"sh","ks":{"k":{"i":[[0,0],[17.62,17.63],[22.85,9.67],[25.92,0],[23.67,-10.02],[17.63,-17.62],[9.67,-22.86],[0,-25.92],[-10.02,-23.67],[-17.62,-17.62],[-22.86,-9.67],[-25.92,0],[-23.67,10.01],[-17.64,17.64],[-9.67,22.85],[0,25.92],[10.01,23.67]],"o":[[-9.67,-22.86],[-17.64,-17.62],[-23.67,-10.01],[-25.91,0],[-22.86,9.67],[-17.62,17.63],[-10.01,23.67],[0,25.92],[9.67,22.85],[17.63,17.64],[23.67,10.01],[25.92,0],[22.85,-9.67],[17.62,-17.62],[10.01,-23.67],[0,-25.92],[0,0]],"v":[[368.89,117.26],[327.76,56.23],[266.73,15.1],[191.99,0],[117.26,15.1],[56.23,56.23],[15.09,117.26],[0,192],[15.09,266.73],[56.23,327.75],[117.26,368.9],[192,383.99],[266.73,368.9],[327.77,327.75],[368.9,266.73],[383.99,192],[368.89,117.26]],"c":true}}},{"ty":"fl","o":{"k":100},"c":{"k":[0.93,0.33,0.39,1]}},{"ty":"tr","o":{"k":100},"r":{"k":0},"p":{"k":[0,0]},"a":{"k":[0,0]},"s":{"k":[100,100]},"sk":{"k":0},"sa":{"k":0},"hd":false}]},{"ty":"tr","o":{"k":100},"r":{"k":0},"p":{"k":[0,0]},"a":{"k":[0,0]},"s":{"k":[100,100]},"sk":{"k":0},"sa":{"k":0},"hd":false}]},{"ty":"tr","o":{"k":100},"r":{"k":0},"p":{"k":[0,0]},"a":{"k":[0,0]},"s":{"k":[100,100]},"sk":{"k":0},"sa":{"k":0},"hd":false}]}]}],"meta":{"g":"LF SVG to Lottie"}}